<?xml version="1.0" encoding="UTF-8"?>
<rss xmlns:atom="http://www.w3.org/2005/Atom" xmlns:media="http://search.yahoo.com/mrss/" version="2.0">
  <channel>
    <atom:link href="https://feeds.skynews.com/feeds/rss/home.xml" rel="self" type="application/rss+xml"/>
    <title>The Latest News from the UK and Around the World | Sky News</title>
    <link>https://news.sky.com/home</link>
    <image>
      <title>The Latest News from the UK and Around the World | Sky News</title>
      <url>https://e3.365dm.com/skynews/logo.png</url>
      <link>https://news.sky.com/home</link>
    </image>
    <description>Sky news delivers breaking news, headlines and top stories from business, politics, entertainment and more in the UK and worldwide.</description>
    <language>en-GB</language>
    <copyright>Copyright 2025, Sky UK. All Rights Reserved.</copyright>
    <lastBuildDate>Mon, 12 May 2025 13:10:00 +0100</lastBuildDate>
    <category>Sky News</category>
    <ttl>1</ttl>
    <item>
      <title>Farage addresses how Reform UK would deal with migration - but 'can't tell you the numbers right now'</title>
      <link>https://news.sky.com/story/nigel-farage-says-he-would-allow-essential-migration-but-numbers-would-be-capped-13366603</link>
      <description>Nigel Farage has told Sky News he would allow some essential migration in areas with skill shortages but that numbers would be capped. </description>
      <pubDate>Mon, 12 May 2025 12:49:00 +0100</pubDate>
      <guid>https://news.sky.com/story/nigel-farage-says-he-would-allow-essential-migration-but-numbers-would-be-capped-13366603</guid>
      <enclosure url="https://e3.365dm.com/25/04/1920x1080/skynews-nigel-farage-reform_6902067.jpg?20250512140558" length="0" type="image/jpeg"/>
      <media:description type="html">Mr Farage says he is concerned about not delivering. Pic: PA</media:description>
      <media:thumbnail url="https://e3.365dm.com/25/04/1920x1080/skynews-nigel-farage-reform_6902067.jpg?20250512140558" width="1920" height="1080"/>
      <media:content type="image/jpeg" url="https://e3.365dm.com/25/04/1920x1080/skynews-nigel-farage-reform_6902067.jpg?20250512140558"/>
    </item>
    <item>
      <title>Driver who murdered e-bike rider to 'teach him a lesson' is jailed</title>
      <link>https://news.sky.com/story/driver-who-used-car-as-weapon-to-murder-e-bike-rider-is-jailed-13366308</link>
      <description>A man who used his car as a weapon to chase and kill an e-bike rider has been jailed for life with a minimum term of 22 years.</description>
      <pubDate>Sun, 11 May 2025 20:41:00 +0100</pubDate>
      <guid>https://news.sky.com/story/driver-who-used-car-as-weapon-to-murder-e-bike-rider-is-jailed-13366308</guid>
      <enclosure url="https://e3.365dm.com/25/02/1920x1080/skynews-abdirahman-ibrahim_6833383.jpg?20250219102059" length="0" type="image/jpeg"/>
      <media:description type="html">Abdirahman Ibrahim. Pic: West Midlands Police</media:description>
      <media:thumbnail url="https://e3.365dm.com/25/02/1920x1080/skynews-abdirahman-ibrahim_6833383.jpg?20250219102059" width="1920" height="1080"/>
      <media:content type="image/jpeg" url="https://e3.365dm.com/25/02/1920x1080/skynews-abdirahman-ibrahim_6833383.jpg?20250219102059"/>
    </item>
    <item>
      <title>Four men and construction company charged over woman killed by falling bricks</title>
      <link>https://news.sky.com/story/four-men-and-construction-company-charged-with-manslaughter-over-woman-killed-by-falling-bricks-13366534</link>
      <description>A building company and four men have been charged in connection with the death of a woman killed by falling bricks in 2018.</description>
      <pubDate>Mon, 12 May 2025 11:08:00 +0100</pubDate>
      <guid>https://news.sky.com/story/four-men-and-construction-company-charged-with-manslaughter-over-woman-killed-by-falling-bricks-13366534</guid>
      <enclosure url="https://e3.365dm.com/18/03/1920x1080/skynews-kayla-boor-boor-tower-hamlets_4268806.jpg?20250512111837" length="0" type="image/jpeg"/>
      <media:description type="html">Michaela Boor was killed when a pallet of bricks fell on her</media:description>
      <media:thumbnail url="https://e3.365dm.com/18/03/1920x1080/skynews-kayla-boor-boor-tower-hamlets_4268806.jpg?20250512111837" width="1920" height="1080"/>
      <media:content type="image/jpeg" url="https://e3.365dm.com/18/03/1920x1080/skynews-kayla-boor-boor-tower-hamlets_4268806.jpg?20250512111837"/>
    </item>
    <item>
      <title>Crossbow attack suspect died from 'self-inflicted gunshot'</title>
      <link>https://news.sky.com/story/leeds-crossbow-attack-suspect-died-from-self-inflicted-gunshot-inquest-hears-13366545</link>
      <description>A man suspected of attacking two women with a crossbow in Leeds died as a result of a &quot;self-inflicted gunshot wound&quot; to the head, an inquest has heard.</description>
      <pubDate>Mon, 12 May 2025 11:14:00 +0100</pubDate>
      <guid>https://news.sky.com/story/leeds-crossbow-attack-suspect-died-from-self-inflicted-gunshot-inquest-hears-13366545</guid>
      <enclosure url="https://e3.365dm.com/25/04/1920x1080/skynews-owen-lawrence-crossbow_6900794.png?20250429144300" length="0" type="image/png"/>
      <media:description type="html">Owen Lawrence.
Pic: Facebook</media:description>
      <media:thumbnail url="https://e3.365dm.com/25/04/1920x1080/skynews-owen-lawrence-crossbow_6900794.png?20250429144300" width="1920" height="1080"/>
      <media:content type="image/png" url="https://e3.365dm.com/25/04/1920x1080/skynews-owen-lawrence-crossbow_6900794.png?20250429144300"/>
    </item>
    <item>
      <title>Woman says she was 'junkie, shoplifter' - here's what turned her life around</title>
      <link>https://news.sky.com/story/more-people-should-be-given-this-chance-the-probation-centres-transforming-offenders-lives-13365632</link>
      <description>The combination of full prisons and tight public finances has forced the government to urgently rethink its approach.</description>
      <pubDate>Mon, 12 May 2025 00:01:00 +0100</pubDate>
      <guid>https://news.sky.com/story/more-people-should-be-given-this-chance-the-probation-centres-transforming-offenders-lives-13365632</guid>
      <enclosure url="https://e3.365dm.com/25/05/1920x1080/skynews-liz-bates-charlie-probabtion_6913769.jpg?20250512061709" length="0" type="image/jpeg"/>
      <media:description type="html">Charlie before and after getting clean</media:description>
      <media:thumbnail url="https://e3.365dm.com/25/05/1920x1080/skynews-liz-bates-charlie-probabtion_6913769.jpg?20250512061709" width="1920" height="1080"/>
      <media:content type="image/jpeg" url="https://e3.365dm.com/25/05/1920x1080/skynews-liz-bates-charlie-probabtion_6913769.jpg?20250512061709"/>
    </item>
    <item>
      <title>Thunderstorms forecast for large part of UK </title>
      <link>https://news.sky.com/story/thunderstorms-forecast-for-large-part-of-uk-tomorrow-13365857</link>
      <description>The Met Office has issued a yellow weather warning for thunderstorms, which could lead to flooding and disruption in parts of the UK.</description>
      <pubDate>Sun, 11 May 2025 14:26:00 +0100</pubDate>
      <guid>https://news.sky.com/story/thunderstorms-forecast-for-large-part-of-uk-tomorrow-13365857</guid>
      <enclosure url="https://e3.365dm.com/25/04/1920x1080/skynews-rain-a38-devon-plymouth_6887267.jpg?20250415124742" length="0" type="image/jpeg"/>
      <media:description type="html">Vehicles drive through rain on the A38 in Plymouth, Devon.
Pic: PA</media:description>
      <media:thumbnail url="https://e3.365dm.com/25/04/1920x1080/skynews-rain-a38-devon-plymouth_6887267.jpg?20250415124742" width="1920" height="1080"/>
      <media:content type="image/jpeg" url="https://e3.365dm.com/25/04/1920x1080/skynews-rain-a38-devon-plymouth_6887267.jpg?20250415124742"/>
    </item>
    <item>
      <title>Hamas says it will release American-Israeli hostage today</title>
      <link>https://news.sky.com/story/hamas-says-it-will-release-israeli-american-hostage-edan-alexander-as-part-of-ceasefire-negotiations-13366287</link>
      <description>Hamas has said it will release Edan Alexander, an Israeli soldier who holds American citizenship.</description>
      <pubDate>Sun, 11 May 2025 20:08:00 +0100</pubDate>
      <guid>https://news.sky.com/story/hamas-says-it-will-release-israeli-american-hostage-edan-alexander-as-part-of-ceasefire-negotiations-13366287</guid>
      <enclosure url="https://e3.365dm.com/25/03/1920x1080/skynews-edan-alexander-israel-defense-forces_6856199.jpg?20250314125329" length="0" type="image/jpeg"/>
      <media:description type="html">A sign outside a Jewish community centre in Edan Alexander&amp;#39;s home town of Tenafly, New Jersey. File pic: Reuters</media:description>
      <media:thumbnail url="https://e3.365dm.com/25/03/1920x1080/skynews-edan-alexander-israel-defense-forces_6856199.jpg?20250314125329" width="1920" height="1080"/>
      <media:content type="image/jpeg" url="https://e3.365dm.com/25/03/1920x1080/skynews-edan-alexander-israel-defense-forces_6856199.jpg?20250314125329"/>
    </item>
    <item>
      <title>What are Sir Keir Starmer's new immigration rules?</title>
      <link>https://news.sky.com/story/what-are-sir-keir-starmers-new-immigration-rules-13366468</link>
      <description>Sir Keir Starmer has promised to bring down migration numbers by tightening up the rules on those allowed to come to the UK.</description>
      <pubDate>Mon, 12 May 2025 09:16:00 +0100</pubDate>
      <guid>https://news.sky.com/story/what-are-sir-keir-starmers-new-immigration-rules-13366468</guid>
      <enclosure url="https://e3.365dm.com/24/11/1920x1080/skynews-uk-border-heathrow_6760256.jpg?20250512115004" length="0" type="image/jpeg"/>
      <media:description type="html">Passengers line up for passport control in the UK Border area of Terminal 2 of Heathrow Airport, London, during a visit from Labour leader Sir Keir Starmer to see the COVID-19 response. Picture date: Thursday February 11, 2020. See PA story POLITICS Labour.</media:description>
      <media:thumbnail url="https://e3.365dm.com/24/11/1920x1080/skynews-uk-border-heathrow_6760256.jpg?20250512115004" width="1920" height="1080"/>
      <media:content type="image/jpeg" url="https://e3.365dm.com/24/11/1920x1080/skynews-uk-border-heathrow_6760256.jpg?20250512115004"/>
    </item>
    <item>
      <title>Why Trump blinked in US-China trade war</title>
      <link>https://news.sky.com/story/trade-war-trump-has-blinked-to-avoid-us-recession-13366594</link>
      <description>Of all the fronts in Donald Trump's trade war, none was as dramatic and economically threatening as the sky-high tariffs he imposed on China.</description>
      <pubDate>Mon, 12 May 2025 12:27:00 +0100</pubDate>
      <guid>https://news.sky.com/story/trade-war-trump-has-blinked-to-avoid-us-recession-13366594</guid>
      <enclosure url="https://e3.365dm.com/25/05/1920x1080/skynews-donald-trump-us-president_6914090.jpg?20250512131541" length="0" type="image/jpeg"/>
      <media:description type="html">Pic: AP</media:description>
      <media:thumbnail url="https://e3.365dm.com/25/05/1920x1080/skynews-donald-trump-us-president_6914090.jpg?20250512131541" width="1920" height="1080"/>
      <media:content type="image/jpeg" url="https://e3.365dm.com/25/05/1920x1080/skynews-donald-trump-us-president_6914090.jpg?20250512131541"/>
    </item>
    <item>
      <title>Search for British hiker missing in New Zealand 'paused'</title>
      <link>https://news.sky.com/story/eli-sweeting-search-for-british-hiker-missing-in-new-zealand-paused-13366574</link>
      <description>The search for a British hiker who vanished in New Zealand more than a week ago has been &quot;paused&quot;, police have said.</description>
      <pubDate>Mon, 12 May 2025 13:10:00 +0100</pubDate>
      <guid>https://news.sky.com/story/eli-sweeting-search-for-british-hiker-missing-in-new-zealand-paused-13366574</guid>
      <enclosure url="https://e3.365dm.com/25/05/1920x1080/skynews-eli-sweeting-missing_6914028.jpg?20250512121954" length="0" type="image/jpeg"/>
      <media:description type="html">Eli Sweeting was reported missing on  May 4th.
Pic: Facebook</media:description>
      <media:thumbnail url="https://e3.365dm.com/25/05/1920x1080/skynews-eli-sweeting-missing_6914028.jpg?20250512121954" width="1920" height="1080"/>
      <media:content type="image/jpeg" url="https://e3.365dm.com/25/05/1920x1080/skynews-eli-sweeting-missing_6914028.jpg?20250512121954"/>
    </item>
  </channel>
</rss>
